汪了个汪, http://www.4399.com/flash/229977.htm, 2022-09-28
可爱小鹿逃亡, http://www.4399.com/flash/229911.htm, 2022-09-28
爆浆脑筋风暴, http://www.4399.com/flash/229985.htm, 2022-09-28
射击高手, http://www.4399.com/flash/229983.htm, 2022-09-28
牛了个哞, http://www.4399.com/flash/229982.htm, 2022-09-28
扔飞镖切水果, http://www.4399.com/flash/229913.htm, 2022-09-28
引咖啡入杯, http://www.4399.com/flash/229866.htm, 2022-09-28
超级汪汪队换装, http://www.4399.com/flash/229907.htm, 2022-09-28
寻找牙痛药, http://www.4399.com/flash/229905.htm, 2022-09-28
泰丽莎美丽沙龙, http://www.4399.com/flash/229904.htm, 2022-09-28
时尚小男孩逃跑, http://www.4399.com/flash/229902.htm, 2022-09-28
太空人大作战2, http://www.4399.com/flash/229967.htm, 2022-09-28
骰子合并, http://www.4399.com/flash/229922.htm, 2022-09-28
灭虫戒备, http://www.4399.com/flash/229921.htm, 2022-09-28
寻找黑公鸡伴侣, http://www.4399.com/flash/229920.htm, 2022-09-28
太空人图片上色, http://www.4399.com/flash/229919.htm, 2022-09-28
热带沙林逃脱, http://www.4399.com/flash/229917.htm, 2022-09-28
机器人坠落, http://www.4399.com/flash/229916.htm, 2022-09-28
天使爷爷逃脱, http://www.4399.com/flash/229914.htm, 2022-09-28
超级大西瓜, http://www.4399.com/flash/229958.htm, 2022-09-27
搭桥大作战, http://www.4399.com/flash/229956.htm, 2022-09-27
我特能耍剑, http://www.4399.com/flash/229955.htm, 2022-09-27
爆走小猪, http://www.4399.com/flash/229954.htm, 2022-09-27
逃离旋转迷宫, http://www.4399.com/flash/229953.htm, 2022-09-27
齿轮之心, http://www.4399.com/flash/229856.htm, 2022-09-27
高尔夫进洞, http://www.4399.com/flash/229832.htm, 2022-09-27
垃圾箱的清洁路, http://www.4399.com/flash/229951.htm, 2022-09-27
简约泡泡龙, http://www.4399.com/flash/229950.htm, 2022-09-27
索托爱红宝石, http://www.4399.com/flash/229949.htm, 2022-09-27
时尚明星过红毯, http://www.4399.com/flash/229948.htm, 2022-09-27
皇家主题美甲设计, http://www.4399.com/flash/229947.htm, 2022-09-27
小猪上树, http://www.4399.com/flash/229946.htm, 2022-09-27
公主冬季时尚沙龙, http://www.4399.com/flash/229944.htm, 2022-09-27
梦幻烘焙店, http://www.4399.com/flash/229942.htm, 2022-09-27
露营就是玩, http://www.4399.com/flash/229941.htm, 2022-09-27
钢铁侠躲避奥创攻击, http://www.4399.com/flash/229940.htm, 2022-09-27
代号G零, http://www.4399.com/flash/229939.htm, 2022-09-27
保护我方, http://www.4399.com/flash/229918.htm, 2022-09-27
切一切, http://www.4399.com/flash/229915.htm, 2022-09-26
画线接球2, http://www.4399.com/flash/229748.htm, 2022-09-26
杜克勇闯神秘区, http://www.4399.com/flash/229746.htm, 2022-09-26
卷云之上, http://www.4399.com/flash/229901.htm, 2022-09-26
粉兔集萝卜2, http://www.4399.com/flash/229899.htm, 2022-09-26
忍者卡兰, http://www.4399.com/flash/229898.htm, 2022-09-26
秃鹫逃跑, http://www.4399.com/flash/229896.htm, 2022-09-26
弹跳天平, http://www.4399.com/flash/229895.htm, 2022-09-26
科莫多龙逃脱, http://www.4399.com/flash/229894.htm, 2022-09-26
感恩节寻女友, http://www.4399.com/flash/229893.htm, 2022-09-26
水族方块消消看, http://www.4399.com/flash/229892.htm, 2022-09-26
猫怪覆盖, http://www.4399.com/flash/229891.htm, 2022-09-26
太空时代的冒险拼图, http://www.4399.com/flash/229890.htm, 2022-09-26
颠锅挑战, http://www.4399.com/flash/229889.htm, 2022-09-26
太空人漂浮向前, http://www.4399.com/flash/229888.htm, 2022-09-26
一块全吃掉, http://www.4399.com/flash/229887.htm, 2022-09-25
士兵男孩逃跑, http://www.4399.com/flash/229859.htm, 2022-09-25
矛隼逃脱, http://www.4399.com/flash/229858.htm, 2022-09-25
黑屋逃脱, http://www.4399.com/flash/229857.htm, 2022-09-25
玩具小屋逃脱8, http://www.4399.com/flash/229884.htm, 2022-09-25
逗小猴开心系列668, http://www.4399.com/flash/229883.htm, 2022-09-25
时间窃贼, http://www.4399.com/flash/229882.htm, 2022-09-25
瓦利亚冒险, http://www.4399.com/flash/229855.htm, 2022-09-25
华丽豪宅找不同, http://www.4399.com/flash/229881.htm, 2022-09-25
鸡肉厨师逃跑, http://www.4399.com/flash/229853.htm, 2022-09-25
幻想蜗牛逃亡, http://www.4399.com/flash/229852.htm, 2022-09-25
精灵井字棋, http://www.4399.com/flash/229851.htm, 2022-09-25
普莱亚的家, http://www.4399.com/flash/229850.htm, 2022-09-25
桥接排序, http://www.4399.com/flash/229849.htm, 2022-09-25
甜蜜的家庭清洁, http://www.4399.com/flash/229848.htm, 2022-09-25
建造大师, http://www.4399.com/flash/229910.htm, 2022-09-24
羊了个大西瓜, http://www.4399.com/flash/229909.htm, 2022-09-24
羊了个咩, http://www.4399.com/flash/229908.htm, 2022-09-24
木筏海上战争, http://www.4399.com/flash/229906.htm, 2022-09-24
小小追击手, http://www.4399.com/flash/229903.htm, 2022-09-24
胖姐争霸赛, http://www.4399.com/flash/229900.htm, 2022-09-24
烧脑木块, http://www.4399.com/flash/229897.htm, 2022-09-24
粉兔集萝卜, http://www.4399.com/flash/229847.htm, 2022-09-24
小猴子逃脱, http://www.4399.com/flash/229846.htm, 2022-09-24
矿工大亨岛, http://www.4399.com/flash/229845.htm, 2022-09-24
女车手新装, http://www.4399.com/flash/229844.htm, 2022-09-24
寒屋逃生3, http://www.4399.com/flash/229843.htm, 2022-09-24
发电机房逃生, http://www.4399.com/flash/229842.htm, 2022-09-24
消防员灭火练习, http://www.4399.com/flash/229841.htm, 2022-09-24
寒屋逃生2, http://www.4399.com/flash/229840.htm, 2022-09-24
魔镜物语, http://www.4399.com/flash/229830.htm, 2022-09-23
怪兽防卫战, http://www.4399.com/flash/229880.htm, 2022-09-23
帝国发展史, http://www.4399.com/flash/229879.htm, 2022-09-23
火柴人去那里, http://www.4399.com/flash/229878.htm, 2022-09-23
六边形里的白球, http://www.4399.com/flash/229877.htm, 2022-09-23
宠物的变装沙龙, http://www.4399.com/flash/229876.htm, 2022-09-23
登月任务, http://www.4399.com/flash/229875.htm, 2022-09-23
令人眩晕的水果, http://www.4399.com/flash/229874.htm, 2022-09-23
水果方块消消看, http://www.4399.com/flash/229873.htm, 2022-09-23
绝地剑士, http://www.4399.com/flash/229872.htm, 2022-09-23
花园里的朵拉, http://www.4399.com/flash/229871.htm, 2022-09-23
青蛇闯数字方块, http://www.4399.com/flash/229870.htm, 2022-09-23
小动物的生日派对, http://www.4399.com/flash/229869.htm, 2022-09-23
厨师超棒, http://www.4399.com/flash/229868.htm, 2022-09-23
贴边拾块, http://www.4399.com/flash/229867.htm, 2022-09-23
双人PingPong, http://www.4399.com/flash/229865.htm, 2022-09-23
小猪忍者灭海盗, http://www.4399.com/flash/229864.htm, 2022-09-23
英雄冲突, http://www.4399.com/flash/229863.htm, 2022-09-23
男孩屋顶跑酷, http://www.4399.com/flash/229862.htm, 2022-09-23
现场的秘密, http://www.4399.com/flash/229861.htm, 2022-09-23
间谍谎言, http://www.4399.com/flash/229860.htm, 2022-09-23
三国大亨, http://www.4399.com/flash/229820.htm, 2022-09-22
羊羊爱消除, http://www.4399.com/flash/229839.htm, 2022-09-22
2048泡泡龙, http://www.4399.com/flash/229838.htm, 2022-09-22
建设繁华村庄, http://www.4399.com/flash/229837.htm, 2022-09-22
狗狗历险记, http://www.4399.com/flash/229836.htm, 2022-09-22
六项学习, http://www.4399.com/flash/229835.htm, 2022-09-22
驴了个驴, http://www.4399.com/flash/229834.htm, 2022-09-22
荒岛大逃亡, http://www.4399.com/flash/229833.htm, 2022-09-22
长高变变变, http://www.4399.com/flash/229831.htm, 2022-09-22
寻找礼品盒, http://www.4399.com/flash/229829.htm, 2022-09-22
红章鱼逃跑, http://www.4399.com/flash/229827.htm, 2022-09-22
犰狳跳跃, http://www.4399.com/flash/229826.htm, 2022-09-22
暗夜探索者, http://www.4399.com/flash/229825.htm, 2022-09-22
秋天下的花园, http://www.4399.com/flash/229824.htm, 2022-09-22
木兰新礼服, http://www.4399.com/flash/229823.htm, 2022-09-22
逗小猴开心系列667, http://www.4399.com/flash/229822.htm, 2022-09-22
缠结大师, http://www.4399.com/flash/229698.htm, 2022-09-22
企鹅恋爱地图, http://www.4399.com/flash/229697.htm, 2022-09-22
剑侠大战骷髅, http://www.4399.com/flash/229798.htm, 2022-09-22
旅行记忆, http://www.4399.com/flash/229797.htm, 2022-09-22
说唱歌手的嘻哈, http://www.4399.com/flash/229796.htm, 2022-09-22
警长归来, http://www.4399.com/flash/229795.htm, 2022-09-22
恐龙图片找不同, http://www.4399.com/flash/229794.htm, 2022-09-22
羊了个娘, http://www.4399.com/flash/229818.htm, 2022-09-21
小小生存者, http://www.4399.com/flash/229817.htm, 2022-09-21
不要超载, http://www.4399.com/flash/229816.htm, 2022-09-21
神秘医院逃脱, http://www.4399.com/flash/229815.htm, 2022-09-21
姑娘木板房逃脱, http://www.4399.com/flash/229813.htm, 2022-09-21
勇敢的消防员逃脱, http://www.4399.com/flash/229811.htm, 2022-09-21
保护我, http://www.4399.com/flash/229810.htm, 2022-09-21
笑翠鸟逃跑, http://www.4399.com/flash/229809.htm, 2022-09-21
我的人生全靠浪, http://www.4399.com/flash/229808.htm, 2022-09-21
疯狂停车场3D, http://www.4399.com/flash/229807.htm, 2022-09-21
登天梯, http://www.4399.com/flash/229806.htm, 2022-09-21
病毒狂潮解救之路, http://www.4399.com/flash/229805.htm, 2022-09-21
机器人寻钥匙, http://www.4399.com/flash/229804.htm, 2022-09-21
快乐面包逃亡, http://www.4399.com/flash/229803.htm, 2022-09-21
滑动的黑球, http://www.4399.com/flash/229801.htm, 2022-09-21
龟爷爷逃脱, http://www.4399.com/flash/229799.htm, 2022-09-21
导弹风暴, http://www.4399.com/flash/229664.htm, 2022-09-21
汽车组装达人, http://www.4399.com/flash/229668.htm, 2022-09-21
气球收割者, http://www.4399.com/flash/229793.htm, 2022-09-20
公牛历险记记忆卡, http://www.4399.com/flash/229792.htm, 2022-09-20
像素人求生, http://www.4399.com/flash/229791.htm, 2022-09-20
大眼怪吃冰淇淋, http://www.4399.com/flash/229790.htm, 2022-09-20
悬浮大陆, http://www.4399.com/flash/229789.htm, 2022-09-20
画线接水3, http://www.4399.com/flash/229707.htm, 2022-09-20
带球过来, http://www.4399.com/flash/229650.htm, 2022-09-20
半人马士兵逃跑, http://www.4399.com/flash/229787.htm, 2022-09-20
下降的彩块, http://www.4399.com/flash/229786.htm, 2022-09-20
简易大逃脱48, http://www.4399.com/flash/229784.htm, 2022-09-20
火柴人大盗2, http://www.4399.com/flash/229782.htm, 2022-09-20
火柴人大盗, http://www.4399.com/flash/229781.htm, 2022-09-20
几何跳跃挑战, http://www.4399.com/flash/229780.htm, 2022-09-20
英雄墓地, http://www.4399.com/flash/229779.htm, 2022-09-20
拯救安静的鹿, http://www.4399.com/flash/229778.htm, 2022-09-20
逃离花园的大门, http://www.4399.com/flash/229777.htm, 2022-09-20
救援沙丘猫, http://www.4399.com/flash/229776.htm, 2022-09-20
弓箭神手, http://www.4399.com/flash/229775.htm, 2022-09-20
危险的冒险, http://www.4399.com/flash/229774.htm, 2022-09-20
模范家庭, http://www.4399.com/flash/229773.htm, 2022-09-20
4399血饮龙纹, http://www.4399.com//www.4399.com/flash/229785.htm, 2022-09-19
神秘城堡的秘密, http://www.4399.com/flash/229772.htm, 2022-09-19
贪吃的胖兔子, http://www.4399.com/flash/229771.htm, 2022-09-19
逃离森林之门, http://www.4399.com/flash/229769.htm, 2022-09-19
公主的美好生活, http://www.4399.com/flash/229768.htm, 2022-09-19
救援可怜的兔子, http://www.4399.com/flash/229767.htm, 2022-09-19
饮料店逃脱, http://www.4399.com/flash/229765.htm, 2022-09-19
寒屋逃生, http://www.4399.com/flash/229764.htm, 2022-09-19
逃离米色房屋, http://www.4399.com/flash/229763.htm, 2022-09-19
救援熟睡的蜜蜂, http://www.4399.com/flash/229762.htm, 2022-09-19
蜜蜂集蜜, http://www.4399.com/flash/229761.htm, 2022-09-19
救援可怜的蜥蜴, http://www.4399.com/flash/229760.htm, 2022-09-19
困在笼里的山羊, http://www.4399.com/flash/229759.htm, 2022-09-19
可怜美人鱼逃跑, http://www.4399.com/flash/229758.htm, 2022-09-19
超级大吃货, http://www.4399.com/flash/229706.htm, 2022-09-19
胖猪与胖狗, http://www.4399.com/flash/229705.htm, 2022-09-19
救出饥饿的女子, http://www.4399.com/flash/229757.htm, 2022-09-18
湖边小屋的秘密, http://www.4399.com/flash/229756.htm, 2022-09-18
夏天之旅, http://www.4399.com/flash/229755.htm, 2022-09-18
机器人鲁度2, http://www.4399.com/flash/229753.htm, 2022-09-18
寻找猫屋钥匙, http://www.4399.com/flash/229752.htm, 2022-09-18
站台倒计时, http://www.4399.com/flash/229751.htm, 2022-09-18
逃离弗吉尼亚海滩, http://www.4399.com/flash/229749.htm, 2022-09-18
消防员逃脱, http://www.4399.com/flash/229747.htm, 2022-09-18
救援聪明的外星人, http://www.4399.com/flash/229745.htm, 2022-09-18
小鸡大炮射击, http://www.4399.com/flash/229744.htm, 2022-09-18
寻找蓝钻石, http://www.4399.com/flash/229743.htm, 2022-09-17
运货我最强, http://www.4399.com/flash/229742.htm, 2022-09-17
逃离舒适的浴室, http://www.4399.com/flash/229741.htm, 2022-09-17
救援伤心的玉米精, http://www.4399.com/flash/229740.htm, 2022-09-17
薄饼卷店, http://www.4399.com/flash/229739.htm, 2022-09-17
救援有趣的海豚, http://www.4399.com/flash/229738.htm, 2022-09-17
忍者与金币, http://www.4399.com/flash/229737.htm, 2022-09-17
救援甜菜根, http://www.4399.com/flash/229736.htm, 2022-09-17
救援优雅的女王, http://www.4399.com/flash/229735.htm, 2022-09-17
救援可爱的海盗男子, http://www.4399.com/flash/229734.htm, 2022-09-17
自制手机壳2, http://www.4399.com/flash/229733.htm, 2022-09-17
DIY个性键盘, http://www.4399.com/flash/229732.htm, 2022-09-17
美丽的躲藏, http://www.4399.com/flash/229729.htm, 2022-09-17
收集货物, http://www.4399.com/flash/229728.htm, 2022-09-17
错误的判决, http://www.4399.com/flash/229727.htm, 2022-09-17
帮助国际象棋皇后, http://www.4399.com/flash/229726.htm, 2022-09-17
汪了个汪, http://www.4399.com/flash/229977.htm, 2022-09-28
可爱小鹿逃亡, http://www.4399.com/flash/229911.htm, 2022-09-28
爆浆脑筋风暴, http://www.4399.com/flash/229985.htm, 2022-09-28
射击高手, http://www.4399.com/flash/229983.htm, 2022-09-28
牛了个哞, http://www.4399.com/flash/229982.htm, 2022-09-28
扔飞镖切水果, http://www.4399.com/flash/229913.htm, 2022-09-28
引咖啡入杯, http://www.4399.com/flash/229866.htm, 2022-09-28
超级汪汪队换装, http://www.4399.com/flash/229907.htm, 2022-09-28
寻找牙痛药, http://www.4399.com/flash/229905.htm, 2022-09-28
泰丽莎美丽沙龙, http://www.4399.com/flash/229904.htm, 2022-09-28
时尚小男孩逃跑, http://www.4399.com/flash/229902.htm, 2022-09-28
太空人大作战2, http://www.4399.com/flash/229967.htm, 2022-09-28
骰子合并, http://www.4399.com/flash/229922.htm, 2022-09-28
灭虫戒备, http://www.4399.com/flash/229921.htm, 2022-09-28
寻找黑公鸡伴侣, http://www.4399.com/flash/229920.htm, 2022-09-28
太空人图片上色, http://www.4399.com/flash/229919.htm, 2022-09-28
热带沙林逃脱, http://www.4399.com/flash/229917.htm, 2022-09-28
机器人坠落, http://www.4399.com/flash/229916.htm, 2022-09-28
天使爷爷逃脱, http://www.4399.com/flash/229914.htm, 2022-09-28
超级大西瓜, http://www.4399.com/flash/229958.htm, 2022-09-27
搭桥大作战, http://www.4399.com/flash/229956.htm, 2022-09-27
我特能耍剑, http://www.4399.com/flash/229955.htm, 2022-09-27
爆走小猪, http://www.4399.com/flash/229954.htm, 2022-09-27
逃离旋转迷宫, http://www.4399.com/flash/229953.htm, 2022-09-27
齿轮之心, http://www.4399.com/flash/229856.htm, 2022-09-27
高尔夫进洞, http://www.4399.com/flash/229832.htm, 2022-09-27
垃圾箱的清洁路, http://www.4399.com/flash/229951.htm, 2022-09-27
简约泡泡龙, http://www.4399.com/flash/229950.htm, 2022-09-27
索托爱红宝石, http://www.4399.com/flash/229949.htm, 2022-09-27
时尚明星过红毯, http://www.4399.com/flash/229948.htm, 2022-09-27
皇家主题美甲设计, http://www.4399.com/flash/229947.htm, 2022-09-27
小猪上树, http://www.4399.com/flash/229946.htm, 2022-09-27
公主冬季时尚沙龙, http://www.4399.com/flash/229944.htm, 2022-09-27
梦幻烘焙店, http://www.4399.com/flash/229942.htm, 2022-09-27
露营就是玩, http://www.4399.com/flash/229941.htm, 2022-09-27
钢铁侠躲避奥创攻击, http://www.4399.com/flash/229940.htm, 2022-09-27
代号G零, http://www.4399.com/flash/229939.htm, 2022-09-27
保护我方, http://www.4399.com/flash/229918.htm, 2022-09-27
切一切, http://www.4399.com/flash/229915.htm, 2022-09-26
画线接球2, http://www.4399.com/flash/229748.htm, 2022-09-26
杜克勇闯神秘区, http://www.4399.com/flash/229746.htm, 2022-09-26
卷云之上, http://www.4399.com/flash/229901.htm, 2022-09-26
粉兔集萝卜2, http://www.4399.com/flash/229899.htm, 2022-09-26
忍者卡兰, http://www.4399.com/flash/229898.htm, 2022-09-26
秃鹫逃跑, http://www.4399.com/flash/229896.htm, 2022-09-26
弹跳天平, http://www.4399.com/flash/229895.htm, 2022-09-26
科莫多龙逃脱, http://www.4399.com/flash/229894.htm, 2022-09-26
感恩节寻女友, http://www.4399.com/flash/229893.htm, 2022-09-26
水族方块消消看, http://www.4399.com/flash/229892.htm, 2022-09-26
猫怪覆盖, http://www.4399.com/flash/229891.htm, 2022-09-26
太空时代的冒险拼图, http://www.4399.com/flash/229890.htm, 2022-09-26
颠锅挑战, http://www.4399.com/flash/229889.htm, 2022-09-26
太空人漂浮向前, http://www.4399.com/flash/229888.htm, 2022-09-26
一块全吃掉, http://www.4399.com/flash/229887.htm, 2022-09-25
士兵男孩逃跑, http://www.4399.com/flash/229859.htm, 2022-09-25
矛隼逃脱, http://www.4399.com/flash/229858.htm, 2022-09-25
黑屋逃脱, http://www.4399.com/flash/229857.htm, 2022-09-25
玩具小屋逃脱8, http://www.4399.com/flash/229884.htm, 2022-09-25
逗小猴开心系列668, http://www.4399.com/flash/229883.htm, 2022-09-25
时间窃贼, http://www.4399.com/flash/229882.htm, 2022-09-25
瓦利亚冒险, http://www.4399.com/flash/229855.htm, 2022-09-25
华丽豪宅找不同, http://www.4399.com/flash/229881.htm, 2022-09-25
鸡肉厨师逃跑, http://www.4399.com/flash/229853.htm, 2022-09-25
幻想蜗牛逃亡, http://www.4399.com/flash/229852.htm, 2022-09-25
精灵井字棋, http://www.4399.com/flash/229851.htm, 2022-09-25
普莱亚的家, http://www.4399.com/flash/229850.htm, 2022-09-25
桥接排序, http://www.4399.com/flash/229849.htm, 2022-09-25
甜蜜的家庭清洁, http://www.4399.com/flash/229848.htm, 2022-09-25
建造大师, http://www.4399.com/flash/229910.htm, 2022-09-24
羊了个大西瓜, http://www.4399.com/flash/229909.htm, 2022-09-24
羊了个咩, http://www.4399.com/flash/229908.htm, 2022-09-24
木筏海上战争, http://www.4399.com/flash/229906.htm, 2022-09-24
小小追击手, http://www.4399.com/flash/229903.htm, 2022-09-24
胖姐争霸赛, http://www.4399.com/flash/229900.htm, 2022-09-24
烧脑木块, http://www.4399.com/flash/229897.htm, 2022-09-24
粉兔集萝卜, http://www.4399.com/flash/229847.htm, 2022-09-24
小猴子逃脱, http://www.4399.com/flash/229846.htm, 2022-09-24
矿工大亨岛, http://www.4399.com/flash/229845.htm, 2022-09-24
女车手新装, http://www.4399.com/flash/229844.htm, 2022-09-24
寒屋逃生3, http://www.4399.com/flash/229843.htm, 2022-09-24
发电机房逃生, http://www.4399.com/flash/229842.htm, 2022-09-24
消防员灭火练习, http://www.4399.com/flash/229841.htm, 2022-09-24
寒屋逃生2, http://www.4399.com/flash/229840.htm, 2022-09-24
魔镜物语, http://www.4399.com/flash/229830.htm, 2022-09-23
怪兽防卫战, http://www.4399.com/flash/229880.htm, 2022-09-23
帝国发展史, http://www.4399.com/flash/229879.htm, 2022-09-23
火柴人去那里, http://www.4399.com/flash/229878.htm, 2022-09-23
六边形里的白球, http://www.4399.com/flash/229877.htm, 2022-09-23
宠物的变装沙龙, http://www.4399.com/flash/229876.htm, 2022-09-23
登月任务, http://www.4399.com/flash/229875.htm, 2022-09-23
令人眩晕的水果, http://www.4399.com/flash/229874.htm, 2022-09-23
水果方块消消看, http://www.4399.com/flash/229873.htm, 2022-09-23
绝地剑士, http://www.4399.com/flash/229872.htm, 2022-09-23
花园里的朵拉, http://www.4399.com/flash/229871.htm, 2022-09-23
青蛇闯数字方块, http://www.4399.com/flash/229870.htm, 2022-09-23
小动物的生日派对, http://www.4399.com/flash/229869.htm, 2022-09-23
厨师超棒, http://www.4399.com/flash/229868.htm, 2022-09-23
贴边拾块, http://www.4399.com/flash/229867.htm, 2022-09-23
双人PingPong, http://www.4399.com/flash/229865.htm, 2022-09-23
小猪忍者灭海盗, http://www.4399.com/flash/229864.htm, 2022-09-23
英雄冲突, http://www.4399.com/flash/229863.htm, 2022-09-23
男孩屋顶跑酷, http://www.4399.com/flash/229862.htm, 2022-09-23
现场的秘密, http://www.4399.com/flash/229861.htm, 2022-09-23
间谍谎言, http://www.4399.com/flash/229860.htm, 2022-09-23
三国大亨, http://www.4399.com/flash/229820.htm, 2022-09-22
羊羊爱消除, http://www.4399.com/flash/229839.htm, 2022-09-22
2048泡泡龙, http://www.4399.com/flash/229838.htm, 2022-09-22
建设繁华村庄, http://www.4399.com/flash/229837.htm, 2022-09-22
狗狗历险记, http://www.4399.com/flash/229836.htm, 2022-09-22
六项学习, http://www.4399.com/flash/229835.htm, 2022-09-22
驴了个驴, http://www.4399.com/flash/229834.htm, 2022-09-22
荒岛大逃亡, http://www.4399.com/flash/229833.htm, 2022-09-22
长高变变变, http://www.4399.com/flash/229831.htm, 2022-09-22
寻找礼品盒, http://www.4399.com/flash/229829.htm, 2022-09-22
红章鱼逃跑, http://www.4399.com/flash/229827.htm, 2022-09-22
犰狳跳跃, http://www.4399.com/flash/229826.htm, 2022-09-22
暗夜探索者, http://www.4399.com/flash/229825.htm, 2022-09-22
秋天下的花园, http://www.4399.com/flash/229824.htm, 2022-09-22
木兰新礼服, http://www.4399.com/flash/229823.htm, 2022-09-22
逗小猴开心系列667, http://www.4399.com/flash/229822.htm, 2022-09-22
缠结大师, http://www.4399.com/flash/229698.htm, 2022-09-22
企鹅恋爱地图, http://www.4399.com/flash/229697.htm, 2022-09-22
剑侠大战骷髅, http://www.4399.com/flash/229798.htm, 2022-09-22
旅行记忆, http://www.4399.com/flash/229797.htm, 2022-09-22
说唱歌手的嘻哈, http://www.4399.com/flash/229796.htm, 2022-09-22
警长归来, http://www.4399.com/flash/229795.htm, 2022-09-22
恐龙图片找不同, http://www.4399.com/flash/229794.htm, 2022-09-22
羊了个娘, http://www.4399.com/flash/229818.htm, 2022-09-21
小小生存者, http://www.4399.com/flash/229817.htm, 2022-09-21
不要超载, http://www.4399.com/flash/229816.htm, 2022-09-21
神秘医院逃脱, http://www.4399.com/flash/229815.htm, 2022-09-21
姑娘木板房逃脱, http://www.4399.com/flash/229813.htm, 2022-09-21
勇敢的消防员逃脱, http://www.4399.com/flash/229811.htm, 2022-09-21
保护我, http://www.4399.com/flash/229810.htm, 2022-09-21
笑翠鸟逃跑, http://www.4399.com/flash/229809.htm, 2022-09-21
我的人生全靠浪, http://www.4399.com/flash/229808.htm, 2022-09-21
疯狂停车场3D, http://www.4399.com/flash/229807.htm, 2022-09-21
登天梯, http://www.4399.com/flash/229806.htm, 2022-09-21
病毒狂潮解救之路, http://www.4399.com/flash/229805.htm, 2022-09-21
机器人寻钥匙, http://www.4399.com/flash/229804.htm, 2022-09-21
快乐面包逃亡, http://www.4399.com/flash/229803.htm, 2022-09-21
滑动的黑球, http://www.4399.com/flash/229801.htm, 2022-09-21
龟爷爷逃脱, http://www.4399.com/flash/229799.htm, 2022-09-21
导弹风暴, http://www.4399.com/flash/229664.htm, 2022-09-21
汽车组装达人, http://www.4399.com/flash/229668.htm, 2022-09-21
气球收割者, http://www.4399.com/flash/229793.htm, 2022-09-20
公牛历险记记忆卡, http://www.4399.com/flash/229792.htm, 2022-09-20
像素人求生, http://www.4399.com/flash/229791.htm, 2022-09-20
大眼怪吃冰淇淋, http://www.4399.com/flash/229790.htm, 2022-09-20
悬浮大陆, http://www.4399.com/flash/229789.htm, 2022-09-20
画线接水3, http://www.4399.com/flash/229707.htm, 2022-09-20
带球过来, http://www.4399.com/flash/229650.htm, 2022-09-20
半人马士兵逃跑, http://www.4399.com/flash/229787.htm, 2022-09-20
下降的彩块, http://www.4399.com/flash/229786.htm, 2022-09-20
简易大逃脱48, http://www.4399.com/flash/229784.htm, 2022-09-20
火柴人大盗2, http://www.4399.com/flash/229782.htm, 2022-09-20
火柴人大盗, http://www.4399.com/flash/229781.htm, 2022-09-20
几何跳跃挑战, http://www.4399.com/flash/229780.htm, 2022-09-20
英雄墓地, http://www.4399.com/flash/229779.htm, 2022-09-20
拯救安静的鹿, http://www.4399.com/flash/229778.htm, 2022-09-20
逃离花园的大门, http://www.4399.com/flash/229777.htm, 2022-09-20
救援沙丘猫, http://www.4399.com/flash/229776.htm, 2022-09-20
弓箭神手, http://www.4399.com/flash/229775.htm, 2022-09-20
危险的冒险, http://www.4399.com/flash/229774.htm, 2022-09-20
模范家庭, http://www.4399.com/flash/229773.htm, 2022-09-20
4399血饮龙纹, http://www.4399.com//www.4399.com/flash/229785.htm, 2022-09-19
神秘城堡的秘密, http://www.4399.com/flash/229772.htm, 2022-09-19
贪吃的胖兔子, http://www.4399.com/flash/229771.htm, 2022-09-19
逃离森林之门, http://www.4399.com/flash/229769.htm, 2022-09-19
公主的美好生活, http://www.4399.com/flash/229768.htm, 2022-09-19
救援可怜的兔子, http://www.4399.com/flash/229767.htm, 2022-09-19
饮料店逃脱, http://www.4399.com/flash/229765.htm, 2022-09-19
寒屋逃生, http://www.4399.com/flash/229764.htm, 2022-09-19
逃离米色房屋, http://www.4399.com/flash/229763.htm, 2022-09-19
救援熟睡的蜜蜂, http://www.4399.com/flash/229762.htm, 2022-09-19
蜜蜂集蜜, http://www.4399.com/flash/229761.htm, 2022-09-19
救援可怜的蜥蜴, http://www.4399.com/flash/229760.htm, 2022-09-19
困在笼里的山羊, http://www.4399.com/flash/229759.htm, 2022-09-19
可怜美人鱼逃跑, http://www.4399.com/flash/229758.htm, 2022-09-19
超级大吃货, http://www.4399.com/flash/229706.htm, 2022-09-19
胖猪与胖狗, http://www.4399.com/flash/229705.htm, 2022-09-19
救出饥饿的女子, http://www.4399.com/flash/229757.htm, 2022-09-18
湖边小屋的秘密, http://www.4399.com/flash/229756.htm, 2022-09-18
夏天之旅, http://www.4399.com/flash/229755.htm, 2022-09-18
机器人鲁度2, http://www.4399.com/flash/229753.htm, 2022-09-18
寻找猫屋钥匙, http://www.4399.com/flash/229752.htm, 2022-09-18
站台倒计时, http://www.4399.com/flash/229751.htm, 2022-09-18
逃离弗吉尼亚海滩, http://www.4399.com/flash/229749.htm, 2022-09-18
消防员逃脱, http://www.4399.com/flash/229747.htm, 2022-09-18
救援聪明的外星人, http://www.4399.com/flash/229745.htm, 2022-09-18
小鸡大炮射击, http://www.4399.com/flash/229744.htm, 2022-09-18
寻找蓝钻石, http://www.4399.com/flash/229743.htm, 2022-09-17
运货我最强, http://www.4399.com/flash/229742.htm, 2022-09-17
逃离舒适的浴室, http://www.4399.com/flash/229741.htm, 2022-09-17
救援伤心的玉米精, http://www.4399.com/flash/229740.htm, 2022-09-17
薄饼卷店, http://www.4399.com/flash/229739.htm, 2022-09-17
救援有趣的海豚, http://www.4399.com/flash/229738.htm, 2022-09-17
忍者与金币, http://www.4399.com/flash/229737.htm, 2022-09-17
救援甜菜根, http://www.4399.com/flash/229736.htm, 2022-09-17
救援优雅的女王, http://www.4399.com/flash/229735.htm, 2022-09-17
救援可爱的海盗男子, http://www.4399.com/flash/229734.htm, 2022-09-17
自制手机壳2, http://www.4399.com/flash/229733.htm, 2022-09-17
DIY个性键盘, http://www.4399.com/flash/229732.htm, 2022-09-17
美丽的躲藏, http://www.4399.com/flash/229729.htm, 2022-09-17
收集货物, http://www.4399.com/flash/229728.htm, 2022-09-17
错误的判决, http://www.4399.com/flash/229727.htm, 2022-09-17
帮助国际象棋皇后, http://www.4399.com/flash/229726.htm, 2022-09-17
